Дата,Территория,"Товарооборот, шт","Товарооборот, руб",Количество складов,Количество заказов,Количество клиентов,Товарооборот на склад,Неделя
2020-05-31,Самара,7944,623971.5,15,441,368,41598.1,22
2020-05-30,Самара,10029,787101,15,490,409,52473.4,22
2020-05-28,Самара,8536.5,643944,15,464,390,42929.6,22
2020-05-16,Кемерово,38947.5,3395892,21,2145,1947,161709.1429,20
2020-05-19,Кемерово,31842,2771116.5,21,1860,1704,131957.9286,21
2020-05-17,Кемерово,32023.5,2882458.5,21,1874,1705,137259.9286,20
2020-05-09,Кемерово,31147.5,2831019,21,1735,1568,134810.4286,19
2020-05-04,Кемерово,25566,2372310,20,1519,1372,118615.5,19
2020-04-29,Кемерово,29319,2623480.5,18,1684,1528,145748.9167,18
2020-05-02,Кемерово,29031,2711247,18,1708,1534,150624.8333,18
2020-05-26,Кемерово,33423,2970330,20,2044,1863,148516.5,22
2020-05-01,Кемерово,32487,3031254,18,1826,1633,168403,18
2020-05-12,Кемерово,28219.5,2595778.5,21,1656,1516,123608.5,20
2020-05-21,Кемерово,31272,2744382,21,1787,1626,130684.8571,21
2020-05-20,Кемерово,34077,2929330.5,21,1921,1767,139491.9286,21
2020-05-05,Кемерово,31566,2906763,20,1773,1604,145338.15,19
2020-04-28,Кемерово,26940,2411587.5,18,1539,1404,133977.0833,18
2020-05-13,Кемерово,29241,2629782,21,1698,1554,125227.7143,20
2020-05-03,Кемерово,26082,2434914,20,1520,1373,121745.7,18
2020-05-06,Кемерово,32511,2938623,20,1784,1632,146931.15,19
2020-05-23,Кемерово,42703.5,3628726.5,21,2340,2146,172796.5,21
2020-05-25,Кемерово,35592,3176580,20,2087,1914,158829,22
2020-04-30,Кемерово,30445.5,2817196.5,19,1712,1552,148273.5,18
2020-05-10,Кемерово,36619.5,3312967.5,21,2016,1846,157760.3571,19
2020-05-08,Кемерово,29409,2645160,21,1646,1492,125960,19
2020-05-07,Кемерово,27018,2472213,21,1542,1405,117724.4286,19
2020-05-24,Кемерово,34303.5,2924746.5,20,1999,1829,146237.325,21
2020-05-31,Кемерово,36999,3473895,21,2271,2085,165423.5714,22
2020-05-30,Кемерово,44001,3921784.5,20,2597,2376,196089.225,22
2020-05-28,Кемерово,30982.5,2827773,20,1886,1736,141388.65,22
2020-05-16,Екатеринбург,88063.5,7583758.5,31,5593,5177,244637.371,20
2020-05-19,Екатеринбург,84024,6815511,31,5389,5024,219855.1935,21
2020-05-17,Екатеринбург,78057,6774946.5,31,5206,4843,218546.6613,20
2020-05-09,Екатеринбург,69720,6264933,31,4556,4220,202094.6129,19
2020-05-04,Екатеринбург,72928.5,6642249,31,4968,4596,214266.0968,19
2020-04-29,Екатеринбург,79527,7180498.5,31,5378,4985,231628.9839,18
2020-05-02,Екатеринбург,60463.5,5554192.5,31,4157,3823,179167.5,18
2020-05-26,Екатеринбург,79975.5,6676459.5,31,5493,5119,215369.6613,22
2020-05-01,Екатеринбург,97534.5,8893024.5,31,6118,5564,286871.7581,18
2020-05-12,Екатеринбург,71520,6398361,31,4800,4470,206398.7419,20
2020-05-21,Екатеринбург,79485,6633847.5,31,5207,4868,213995.0806,21
2020-05-20,Екатеринбург,93313.5,7247575.5,31,5698,5258,233792.7581,21
2020-05-05,Екатеринбург,76585.5,6921316.5,31,5188,4800,223268.2742,19
2020-04-28,Екатеринбург,81826.5,7163644.5,31,5465,5096,231085.3065,18
2020-05-13,Екатеринбург,78846,6993952.5,31,5251,4853,225611.371,20
2020-05-03,Екатеринбург,77263.5,7013670,31,5155,4762,226247.4194,18
2020-05-06,Екатеринбург,68994,6168657,31,4709,4348,198988.9355,19
2020-05-23,Екатеринбург,102889.5,8089143,31,6276,5801,260940.0968,21
2020-05-25,Екатеринбург,76999.5,6645603,31,5210,4841,214374.2903,22
2020-04-30,Екатеринбург,77565,7023727.5,31,5120,4737,226571.8548,18
2020-05-10,Екатеринбург,84132,7483194,31,5495,5093,241393.3548,19
2020-05-08,Екатеринбург,69544.5,6293776.5,31,4635,4266,203025.0484,19
2020-05-07,Екатеринбург,73204.5,6591883.5,31,4903,4527,212641.4032,19
2020-05-24,Екатеринбург,76663.5,6451032,31,5035,4683,208097.8065,21
2020-05-16,Тольятти,14265,1130506.5,10,760,672,113050.65,20
2020-05-19,Тольятти,11526,938764.5,10,649,568,93876.45,21
2020-05-17,Тольятти,10402.5,843727.5,10,591,513,84372.75,20
2020-05-09,Тольятти,13216.5,1046400,10,644,559,104640,19
2020-05-04,Тольятти,9130.5,728890.5,10,462,396,72889.05,19
2020-04-29,Тольятти,10840.5,797919,10,502,433,79791.9,18
2020-05-02,Тольятти,7866,617881.5,10,416,341,61788.15,18
2020-05-26,Тольятти,11835,983109,10,692,601,98310.9,22
2020-05-01,Тольятти,11619,891139.5,10,554,472,89113.95,18
2020-05-12,Тольятти,9328.5,732964.5,10,526,448,73296.45,20
2020-05-21,Тольятти,11250,935523,10,677,591,93552.3,21
2020-05-20,Тольятти,13063.5,1037247,10,745,654,103724.7,21
2020-05-05,Тольятти,10147.5,793320,10,511,437,79332,19
2020-04-28,Тольятти,12331.5,869983.5,10,580,506,86998.35,18
2020-05-13,Тольятти,11202,865714.5,10,612,530,86571.45,20
2020-05-31,Екатеринбург,89149.5,7512646.5,31,5760,5367,242343.4355,22
2020-05-03,Тольятти,8185.5,637881,10,402,333,63788.1,18
2020-05-30,Екатеринбург,108123,9164707.5,31,6735,6264,295635.7258,22
2020-05-06,Тольятти,9210,696832.5,10,465,390,69683.25,19
2020-05-23,Тольятти,14773.5,1241383.5,10,828,734,124138.35,21
2020-05-28,Екатеринбург,78141,6641569.5,31,5355,4969,214244.1774,22
2020-05-25,Тольятти,12280.5,1030440,10,739,642,103044,22
2020-04-30,Тольятти,8934,716196,10,448,376,71619.6,18
2020-05-10,Тольятти,12918,1004788.5,10,642,556,100478.85,19
2020-05-08,Тольятти,12528,959703,10,638,547,95970.3,19
2020-05-07,Тольятти,11029.5,863754,10,563,486,86375.4,19
2020-05-24,Тольятти,9994.5,828984,10,639,557,82898.4,21
2020-05-31,Тольятти,12724.5,1045515,10,749,655,104551.5,22
2020-05-30,Тольятти,14728.5,1260483,10,865,763,126048.3,22
2020-05-28,Тольятти,13038,1114552.5,10,791,697,111455.25,22
2020-05-16,Нижний Новгород,35482.5,3222517.5,19,2080,1844,169606.1842,20
2020-05-19,Нижний Новгород,32434.5,2865337.5,19,1999,1799,150807.2368,21
2020-05-17,Нижний Новгород,30486,2694289.5,19,1871,1660,141804.7105,20
2020-05-09,Нижний Новгород,32079,2902167,19,1851,1635,152745.6316,19
2020-05-04,Нижний Новгород,27072,2450968.5,19,1582,1403,128998.3421,19
2020-04-29,Нижний Новгород,25917,2397588,18,1534,1369,133199.3333,18
2020-05-02,Нижний Новгород,19461,1799230.5,19,1217,1048,94696.34211,18
2020-05-26,Нижний Новгород,31407,2907411,20,2036,1790,145370.55,22
2020-05-01,Нижний Новгород,25792.5,2374356,19,1497,1291,124966.1053,18
2020-05-12,Нижний Новгород,26032.5,2370432,19,1649,1460,124759.5789,20
2020-05-21,Нижний Новгород,31707,2853181.5,19,1949,1724,150167.4474,21
2020-05-20,Нижний Новгород,29955,2692230,19,1889,1690,141696.3158,21
2020-05-05,Нижний Новгород,22848,2079900,19,1417,1245,109468.4211,19
2020-04-28,Нижний Новгород,23314.5,2136817.5,17,1439,1265,125695.1471,18
2020-05-13,Нижний Новгород,26464.5,2373337.5,19,1625,1444,124912.5,20
2020-05-03,Нижний Новгород,23539.5,2170309.5,19,1402,1234,114226.8158,18
2020-05-06,Нижний Новгород,24678,2232519,19,1499,1323,117501,19
2020-05-23,Нижний Новгород,38176.5,3385372.5,20,2266,1993,169268.625,21
2020-05-25,Нижний Новгород,30603,2865727.5,20,2011,1791,143286.375,22
2020-04-30,Нижний Новгород,24211.5,2267664,19,1499,1322,119350.7368,18
2020-05-10,Нижний Новгород,31399.5,2862298.5,19,1848,1649,150647.2895,19
2020-05-08,Нижний Новгород,25294.5,2271454.5,19,1522,1340,119550.2368,19
2020-05-07,Нижний Новгород,25468.5,2350672.5,19,1530,1338,123719.6053,19
2020-05-24,Нижний Новгород,31854,2915533.5,20,2015,1803,145776.675,21
2020-05-31,Нижний Новгород,32359.5,2991999,20,2060,1826,149599.95,22
2020-05-30,Нижний Новгород,39867,3654166.5,20,2451,2178,182708.325,22
2020-05-28,Нижний Новгород,31974,3004213.5,20,2088,1848,150210.675,22
2020-05-16,Санкт-Петербург Юг,321412.5,32235864,129,17914,16631,249890.4186,20
2020-05-19,Санкт-Петербург Юг,276568.5,27093624,129,16191,15102,210028.093,21
2020-05-17,Санкт-Петербург Юг,269029.5,26659930.5,129,15744,14685,206666.1279,20
2020-05-09,Санкт-Петербург Юг,285972,29768199,129,16420,15169,230761.2326,19
2020-05-04,Санкт-Петербург Юг,283942.5,29357940,129,16525,15310,227580.9302,19
2020-04-29,Санкт-Петербург Юг,298059,30869287.5,128,17368,16077,241166.3086,18
2020-05-02,Санкт-Петербург Юг,232903.5,24342016.5,129,14009,12920,188697.8023,18
2020-05-26,Санкт-Петербург Юг,276966,27872617.9,129,16459,15355,216066.8054,22
2020-05-01,Санкт-Петербург Юг,296149.5,31053316.5,129,17002,15570,240723.3837,18
2020-05-12,Санкт-Петербург Юг,281796,29042520,129,16387,15322,225135.814,20
2020-05-21,Санкт-Петербург Юг,288936,27852900,129,16373,15223,215913.9535,21
2020-05-20,Санкт-Петербург Юг,300151.5,29368771.62,129,17095,15919,227664.8963,21
2020-05-05,Санкт-Петербург Юг,262734,27278441.15,129,15665,14501,211460.7841,19
2020-04-28,Санкт-Петербург Юг,286002,29159032.5,128,16450,15320,227804.9414,18
2020-05-13,Санкт-Петербург Юг,258459,26467453.5,129,15304,14315,205174.0581,20
2020-05-03,Санкт-Петербург Юг,274083,28427001,129,15778,14624,220364.3488,18
2020-05-06,Санкт-Петербург Юг,277512,28770810.11,129,16376,15197,223029.5357,19
2020-05-23,Санкт-Петербург Юг,356982,35103926.71,129,19856,18325,272123.4629,21
2020-05-25,Санкт-Петербург Юг,266983.5,27165913.5,129,15822,14753,210588.4767,22
2020-04-30,Санкт-Петербург Юг,311131.5,32418879,129,18042,16631,251309.1395,18
2020-05-10,Санкт-Петербург Юг,287206.5,29536176.11,129,16437,15285,228962.6055,19
2020-05-08,Санкт-Петербург Юг,370092,38091556.5,129,20452,18857,295283.3837,19
2020-05-07,Санкт-Петербург Юг,247813.5,25325271,129,14582,13512,196319.9302,19
2020-05-24,Санкт-Петербург Юг,287740.5,28188534,129,16432,15345,218515.7674,21
2020-05-16,Санкт-Петербург Север,408810,42323631,125,22291,20635,338589.048,20
2020-05-19,Санкт-Петербург Север,362536.5,37023243,125,20771,19338,296185.944,21
2020-05-17,Санкт-Петербург Север,357072,36834567,125,20079,18721,294676.536,20
2020-05-09,Санкт-Петербург Север,359214,38693427,125,20132,18617,309547.416,19
2020-05-04,Санкт-Петербург Север,360255,38406954,125,20495,18964,307255.632,19
2020-04-29,Санкт-Петербург Север,387220.5,41559384,125,21863,20160,332475.072,18
2020-05-02,Санкт-Петербург Север,296580,31843737,125,16932,15601,254749.896,18
2020-05-26,Санкт-Петербург Север,369861,38365960.5,124,21153,19673,309402.9073,22
2020-05-01,Санкт-Петербург Север,372504,40077193.5,125,20602,18845,320617.548,18
2020-05-12,Санкт-Петербург Север,373392,39578577,125,21106,19651,316628.616,20
2020-05-21,Санкт-Петербург Север,378043.5,37902156.57,125,20911,19358,303217.2526,21
2020-05-20,Санкт-Петербург Север,388668,39639309,125,21674,20155,317114.472,21
2020-05-05,Санкт-Петербург Север,333792,35671734,125,18944,17541,285373.872,19
2020-04-28,Санкт-Петербург Север,376060.5,39918028.5,125,20914,19479,319344.228,18
2020-05-13,Санкт-Петербург Север,350068.5,37197115.5,125,19965,18573,297576.924,20
2020-05-31,Санкт-Петербург Юг,294337.5,29327766,129,17235,16052,227347.0233,22
2020-05-03,Санкт-Петербург Север,342666,36631999.5,125,18861,17420,293055.996,18
2020-05-30,Санкт-Петербург Юг,364882.5,35724493.5,129,20243,18711,276934.0581,22
2020-05-06,Санкт-Петербург Север,355278,38092344,125,20218,18647,304738.752,19
2020-05-23,Санкт-Петербург Север,456885,46408080,125,24574,22609,371264.64,21
2020-05-28,Санкт-Петербург Юг,278491.5,28151004.75,129,16453,15289,218224.843,22
2020-05-25,Санкт-Петербург Север,349734,36883428,124,20358,18890,297447,22
2020-04-30,Санкт-Петербург Север,401580,43028734.5,125,22368,20625,344229.876,18
2020-05-10,Санкт-Петербург Север,368649,39010875,125,20368,18884,312087,19
2020-05-08,Санкт-Петербург Север,463530,49123180.5,125,24620,22641,392985.444,19
2020-05-07,Санкт-Петербург Север,319110,33763989,125,18014,16675,270111.912,19
2020-05-24,Санкт-Петербург Север,375744,38191381.5,125,21004,19556,305531.052,21
2020-05-16,Волгоград,81331.5,6652179,36,5286,4867,184782.75,20
2020-05-19,Волгоград,75796.5,6173463,36,5094,4716,171485.0833,21
2020-05-17,Волгоград,72861,5952802.5,36,4918,4554,165355.625,20
2020-05-09,Волгоград,83373,7253427,36,5413,4959,201484.0833,19
2020-05-04,Волгоград,64108.5,5561452.5,36,4508,4149,154484.7917,19
2020-04-29,Волгоград,74707.5,6454458,36,4937,4561,179290.5,18
2020-05-02,Волгоград,46216.5,4118251.5,36,3442,3147,114395.875,18
2020-05-26,Волгоград,67726.5,5864989.5,36,4770,4424,162916.375,22
2020-05-01,Волгоград,82228.5,7032225,36,5457,4916,195339.5833,18
2020-05-12,Волгоград,64390.5,5523145.5,36,4418,4088,153420.7083,20
2020-05-21,Волгоград,73126.5,5864085,36,4816,4452,162891.25,21
2020-05-20,Волгоград,99631.5,7121946,36,5914,5384,197831.8333,21
2020-05-05,Волгоград,66396,5770539,36,4575,4206,160292.75,19
2020-04-28,Волгоград,73147.5,6288246,36,4923,4560,174673.5,18
2020-05-13,Волгоград,73062,6333828,36,4967,4583,175939.6667,20
2020-05-31,Санкт-Петербург Север,379663.5,39380178,124,21392,19869,317582.0806,22
2020-05-03,Волгоград,70581,6221320.5,36,4751,4370,172814.4583,18
2020-05-30,Санкт-Петербург Север,453123,46370904,124,24325,22469,373958.9032,22
2020-05-06,Волгоград,63012,5454121.5,36,4384,4025,151503.375,19
2020-05-23,Волгоград,89556,7173117,36,5651,5212,199253.25,21
2020-05-28,Санкт-Петербург Север,364638,37947688.5,124,20868,19342,306029.746,22
2020-05-25,Волгоград,66316.5,5704650,36,4641,4274,158462.5,22
2020-04-30,Волгоград,78235.5,6819594,36,5143,4715,189433.1667,18
2020-05-10,Волгоград,88311,7726069.5,36,5746,5277,214613.0417,19
2020-05-08,Волгоград,61804.5,5365708.5,36,4199,3867,149047.4583,19
2020-05-07,Волгоград,71067,6175837.5,36,4826,4426,171551.0417,19
2020-05-24,Волгоград,74649,6098236.5,36,4915,4562,169395.4583,21
2020-05-16,Казань,44560.5,4025148,21,2427,2213,191673.7143,20
2020-05-19,Казань,38250,3552937.5,21,2245,2053,169187.5,21
2020-05-17,Казань,34830,3191155.5,21,2054,1883,151959.7857,20
2020-05-09,Казань,32239.5,3084892.5,21,1891,1709,146899.6429,19
2020-05-04,Казань,30780,2817853.5,20,1804,1638,140892.675,19
2020-04-29,Казань,29142,2627595,19,1676,1516,138294.4737,18
2020-05-02,Казань,26428.5,2470465.5,20,1613,1457,123523.275,18
2020-05-26,Казань,40744.5,3700311,21,2418,2215,176205.2857,22
2020-05-01,Казань,46620,4293241.5,20,2468,2221,214662.075,18
2020-05-12,Казань,32419.5,3080614.5,21,1926,1745,146695.9286,20
2020-05-21,Казань,40819.5,3810394.5,21,2335,2126,181447.3571,21
2020-05-20,Казань,41391,3918987,21,2410,2202,186618.4286,21
2020-05-05,Казань,29482.5,2648688,20,1757,1596,132434.4,19
2020-04-28,Казань,32181,2863600.5,19,1846,1681,150715.8158,18
2020-05-13,Казань,35535,3288069,21,2061,1876,156574.7143,20
2020-05-31,Волгоград,76234.5,6500848.5,37,5215,4848,175698.6081,22
2020-05-03,Казань,29935.5,2720002.5,20,1716,1561,136000.125,18
2020-05-30,Волгоград,106926,9098386.5,37,6645,6122,245902.3378,22
2020-05-06,Казань,30342,2738127,20,1747,1570,136906.35,19
2020-05-23,Казань,42999,3883215,21,2460,2226,184915,21
2020-05-28,Волгоград,69945,6101931,37,4840,4475,164917.0541,22
2020-05-25,Казань,38740.5,3561655.5,21,2330,2142,169602.6429,22
2020-04-30,Казань,31231.5,2853310.5,20,1756,1586,142665.525,18
2020-05-10,Казань,37489.5,3549097.5,21,2120,1921,169004.6429,19
2020-05-08,Казань,34399.5,3201358.5,21,1957,1755,152445.6429,19
2020-05-07,Казань,32851.5,2934504,21,1879,1695,139738.2857,19
2020-05-24,Казань,38194.5,3449302.5,21,2254,2061,164252.5,21
2020-05-31,Казань,42423,3994153.5,23,2522,2295,173658.8478,22
2020-05-30,Казань,48286.5,4456441.5,22,2793,2539,202565.5227,22
2020-05-28,Казань,41442,3893680.5,22,2454,2239,176985.4773,22
2020-05-16,Пермь,18600,1601425.5,15,1111,992,106761.7,20
2020-05-19,Пермь,16638,1364847,16,1012,900,85302.9375,21
2020-05-17,Пермь,15609,1377577.5,15,971,856,91838.5,20
2020-05-09,Пермь,13948.5,1222932,15,849,740,81528.8,19
2020-05-04,Пермь,12301.5,1085211,15,750,647,72347.4,19
2020-04-29,Пермь,13014,1115992.5,15,786,695,74399.5,18
2020-05-02,Пермь,12313.5,1053220.5,15,751,651,70214.7,18
2020-05-26,Пермь,17391,1489132.5,17,1140,1016,87596.02941,22
2020-05-01,Пермь,17113.5,1465842,15,996,888,97722.8,18
2020-05-12,Пермь,12802.5,1123830,15,845,743,74922,20
2020-05-21,Пермь,16554,1380751.5,17,1045,930,81220.67647,21
2020-05-20,Пермь,17329.5,1430254.5,16,1050,938,89390.90625,21
2020-05-05,Пермь,15987,1384179,15,922,823,92278.6,19
2020-04-28,Пермь,13303.5,1102887,15,780,690,73525.8,18
2020-05-13,Пермь,14305.5,1243507.5,15,898,795,82900.5,20
2020-05-03,Пермь,12924,1120009.5,15,784,696,74667.3,18
2020-05-06,Пермь,14061,1221057,15,839,733,81403.8,19
2020-05-23,Пермь,21958.5,1854001.5,17,1294,1155,109058.9118,21
2020-05-25,Пермь,17211,1507867.5,17,1142,1020,88698.08824,22
2020-04-30,Пермь,12753,1103068.5,15,791,691,73537.9,18
2020-05-10,Пермь,16435.5,1471537.5,15,950,848,98102.5,19
2020-05-08,Пермь,14494.5,1269786,15,879,768,84652.4,19
2020-05-07,Пермь,12705,1123894.5,15,805,703,74926.3,19
2020-05-24,Пермь,18075,1548099,17,1128,1001,91064.64706,21
2020-05-16,Ростов-на-Дону,13120.5,1215033,15,747,647,81002.2,20
2020-05-19,Ростов-на-Дону,16237.5,1403047.5,15,930,827,93536.5,21
2020-05-17,Ростов-на-Дону,11967,1060489.5,15,692,591,70699.3,20
2020-05-09,Ростов-на-Дону,12037.5,1081216.5,15,623,535,72081.1,19
2020-05-04,Ростов-на-Дону,7087.5,610855.5,15,390,315,40723.7,19
2020-04-29,Краснодар,25816.5,2360914.5,18,1599,1450,131161.9167,18
2020-05-02,Ростов-на-Дону,4624.5,433243.5,15,274,203,28882.9,18
2020-05-26,Ростов-на-Дону,12259.5,1152054,15,812,711,76803.6,22
2020-05-01,Ростов-на-Дону,5446.5,505572,15,294,225,33704.8,18
2020-05-12,Ростов-на-Дону,11296.5,989632.5,15,624,538,65975.5,20
2020-05-21,Ростов-на-Дону,12135,1103623.5,15,749,652,73574.9,21
2020-05-20,Ростов-на-Дону,12630,1104858,15,760,664,73657.2,21
2020-05-05,Ростов-на-Дону,8223,694593,15,455,381,46306.2,19
2020-04-28,Краснодар,25149,2277072,18,1505,1368,126504,18
2020-05-13,Ростов-на-Дону,10401,949912.5,15,599,515,63327.5,20
2020-05-31,Пермь,17689.5,1592119.5,17,1186,1054,93654.08824,22
2020-05-03,Ростов-на-Дону,8127,665302.5,15,455,384,44353.5,18
2020-05-30,Пермь,27250.5,2457252,17,1697,1499,144544.2353,22
2020-05-06,Ростов-на-Дону,8464.5,739291.5,15,467,389,49286.1,19
2020-05-23,Ростов-на-Дону,14167.5,1315075.5,15,840,725,87671.7,21
2020-05-28,Пермь,16500,1487928,17,1097,968,87525.17647,22
2020-05-25,Ростов-на-Дону,13260,1230687,15,835,736,82045.8,22
2020-04-30,Ростов-на-Дону,4285.5,404691,15,262,195,26979.4,18
2020-05-10,Ростов-на-Дону,13440,1198285.5,15,706,608,79885.7,19
2020-05-08,Ростов-на-Дону,9058.5,798759,15,492,412,53250.6,19
2020-05-07,Ростов-на-Дону,8719.5,769276.5,15,480,398,51285.1,19
2020-05-24,Ростов-на-Дону,12666,1184865,15,779,673,78991,21
2020-05-16,Краснодар,34563,2922883.5,19,2039,1868,153835.9737,20
2020-05-19,Краснодар,28882.5,2446530,19,1831,1667,128764.7368,21
2020-05-17,Краснодар,28275,2435632.5,19,1790,1633,128191.1842,20
2020-05-09,Краснодар,26271,2384937,19,1542,1412,125523,19
2020-05-04,Краснодар,23587.5,2155668,19,1479,1346,113456.2105,19
2020-05-02,Краснодар,18427.5,1682851.5,19,1206,1080,88571.13158,18
2020-05-26,Краснодар,27156,2410803,20,1814,1655,120540.15,22
2020-05-01,Краснодар,35190,3168510,19,1987,1791,166763.6842,18
2020-05-12,Краснодар,25483.5,2243160,19,1598,1454,118061.0526,20
2020-05-21,Краснодар,25362,2198935.5,19,1650,1505,115733.4474,21
2020-05-20,Краснодар,28849.5,2520759,19,1823,1678,132671.5263,21
2020-05-05,Краснодар,26367,2380333.5,19,1622,1482,125280.7105,19
2020-05-13,Краснодар,25539,2263651.5,19,1605,1447,119139.5526,20
2020-05-31,Ростов-на-Дону,14808,1336789.5,16,917,802,83549.34375,22
2020-05-03,Краснодар,21343.5,1906557,19,1314,1192,100345.1053,18
2020-05-30,Ростов-на-Дону,17946,1609090.5,16,1048,918,100568.1563,22
2020-05-06,Краснодар,24337.5,2159350.5,19,1509,1374,113650.0263,19
2020-05-23,Краснодар,36997.5,3089140.5,19,2195,1999,162586.3421,21
2020-05-28,Ростов-на-Дону,13864.5,1239747,16,876,762,77484.1875,22
2020-05-25,Краснодар,28494,2512803,20,1899,1738,125640.15,22
2020-04-30,Краснодар,27883.5,2560080,19,1662,1506,134741.0526,18
2020-05-10,Краснодар,31224,2767270.5,19,1836,1680,145645.8158,19
2020-05-08,Краснодар,25020,2235960,19,1520,1380,117682.1053,19
2020-05-07,Краснодар,26184,2308336.5,19,1580,1435,121491.3947,19
2020-05-24,Краснодар,29824.5,2526909,19,1868,1706,132995.2105,21
2020-04-29,Москва Запад,208351.5,21615333,59,13186,12251,366361.5763,18
2020-04-28,Москва Запад,204637.5,21114898.5,59,12943,12072,357879.6356,18
2020-05-31,Краснодар,31372.5,2794324.5,21,2056,1879,133063.0714,22
2020-05-30,Краснодар,34681.5,3005334,20,2174,1957,150266.7,22
2020-05-28,Краснодар,28197,2559211.5,20,1875,1701,127960.575,22
2020-05-16,Москва Запад,236551.5,23689383,60,14049,13118,394823.05,20
2020-05-19,Москва Запад,223597.5,21945858,60,13867,12987,365764.3,21
2020-05-17,Москва Запад,193363.5,19546386,60,11698,10989,325773.1,20
2020-05-09,Москва Запад,188319,19218631.5,59,12016,11137,325739.5169,19
2020-05-04,Москва Запад,237544.5,24292218,59,14423,13432,411732.5085,19
2020-04-29,Москва Восток,203209.5,20871391.5,54,12747,11884,386507.25,18
2020-05-02,Москва Запад,185979,19625364,59,12429,11477,332633.2881,18
2020-05-26,Москва Запад,244905,25163431.5,59,15369,14299,426498.839,22
2020-05-01,Москва Запад,239409,25413351,59,15222,13873,430734.7627,18
2020-05-12,Москва Запад,192886.5,19205179.5,60,12000,11194,320086.325,20
2020-05-21,Москва Запад,224233.5,22253295,60,14005,13002,370888.25,21
2020-05-20,Москва Запад,219622.5,21959286,60,13792,12834,365988.1,21
2020-05-05,Москва Запад,213582,21919435.5,59,13469,12486,371515.8559,19
2020-04-28,Москва Восток,195705,20003263.5,54,12306,11532,370430.8056,18
2020-05-13,Москва Запад,193722,19437273,60,12007,11245,323954.55,20
2020-05-03,Москва Запад,257215.5,26492278.5,59,15277,14163,449021.6695,18
2020-05-06,Москва Запад,224779.5,23032992,59,14103,13118,390389.6949,19
2020-05-23,Москва Запад,292018.5,28590910.5,60,17295,16010,476515.175,21
2020-05-25,Москва Запад,198751.5,20582743.5,59,12983,12056,348860.0593,22
2020-04-30,Москва Запад,214386,22530000,59,13251,12255,381864.4068,18
2020-05-10,Москва Запад,243825,24890404.5,59,14569,13566,421871.2627,19
2020-05-08,Москва Запад,232701,23881948.5,59,14098,13106,404778.7881,19
2020-05-07,Москва Запад,219411,22460130,59,13495,12517,380680.1695,19
2020-05-24,Москва Запад,200029.5,19959801,60,12822,11916,332663.35,21
2020-05-16,Москва Восток,225480,22355338.5,54,13170,12299,413987.75,20
2020-05-19,Москва Восток,211453.5,20590072.5,54,13070,12244,381297.6389,21
2020-05-17,Москва Восток,184801.5,18449091,54,11128,10467,341649.8333,20
2020-05-09,Москва Восток,177976.5,18085798.5,54,11288,10492,334922.1944,19
2020-05-04,Москва Восток,223617,22796827.5,54,13606,12697,422163.4722,19
2020-05-02,Москва Восток,176397,18625921.5,54,11622,10754,344924.4722,18
2020-05-26,Москва Восток,232369.5,23856345,54,14482,13510,441784.1667,22
2020-05-01,Москва Восток,226540.5,23953536,54,14205,13026,443584,18
2020-05-12,Москва Восток,189679.5,18718036.5,54,11614,10862,346630.3056,20
2020-05-21,Москва Восток,213640.5,21042673.5,54,13240,12360,389679.1389,21
2020-05-20,Москва Восток,214885.5,21411349.5,54,13298,12428,396506.4722,21
2020-05-05,Москва Восток,203832,20880142.5,54,12775,11887,386669.3056,19
2020-05-13,Москва Восток,188662.5,18784000.5,54,11522,10803,347851.8611,20
2020-05-31,Москва Запад,215277,21585316.5,59,13684,12690,365852.822,22
2020-05-03,Москва Восток,248148,25519072.5,54,14823,13751,472575.4167,18
2020-05-30,Москва Запад,246414,24527245.5,59,15030,13956,415716.0254,22
2020-05-06,Москва Восток,216498,22126444.5,54,13406,12518,409748.9722,19
2020-05-23,Москва Восток,275793,26806626,54,16221,15065,496419,21
2020-05-28,Москва Запад,199753.5,20535733.5,60,12854,11954,342262.225,22
2020-05-25,Москва Восток,192948,19806927,54,12336,11519,366794.9444,22
2020-04-30,Москва Восток,206038.5,21740460,54,12817,11865,402601.1111,18
2020-05-10,Москва Восток,231559.5,23443725,54,13832,12864,434143.0556,19
2020-05-08,Москва Восток,225076.5,22846078.5,54,13563,12604,423075.5278,19
2020-05-07,Москва Восток,209415,21463023,54,12743,11858,397463.3889,19
2020-05-24,Москва Восток,193719,19071117,54,12211,11427,353168.8333,21
2020-04-29,Новосибирск,12250.5,981519,15,659,575,65434.6,18
2020-04-28,Новосибирск,12541.5,992541,15,636,547,66169.4,18
2020-05-31,Москва Восток,206758.5,20717248.5,54,13106,12164,383652.75,22
2020-05-30,Москва Восток,244734,24151980,54,14590,13551,447258.8889,22
2020-05-28,Москва Восток,191641.5,19549036.5,54,12409,11582,362019.1944,22
2020-05-16,Новосибирск,16368,1316350.5,16,920,818,82271.90625,20
2020-05-19,Новосибирск,14427,1126810.5,17,857,757,66282.97059,21
2020-05-17,Новосибирск,13440,1157529,16,859,746,72345.5625,20
2020-05-09,Новосибирск,11745,955801.5,15,654,570,63720.1,19
2020-05-04,Новосибирск,11062.5,906343.5,15,622,538,60422.9,19
2020-05-02,Новосибирск,10018.5,816859.5,15,567,493,54457.3,18
2020-05-26,Тюмень,10437,833815.5,7,577,389,119116.5,22
2020-05-01,Новосибирск,13644,1134444,15,721,625,75629.6,18
2020-05-12,Новосибирск,13443,1092277.5,15,750,659,72818.5,20
2020-05-21,Новосибирск,14182.5,1172574,18,888,786,65143,21
2020-05-20,Новосибирск,14928,1217749.5,17,890,794,71632.32353,21
2020-05-05,Новосибирск,13941,1145575.5,15,750,658,76371.7,19
2020-05-13,Новосибирск,14643,1172691,15,854,756,78179.4,20
2020-05-03,Новосибирск,10032,816150,15,585,502,54410,18
2020-05-06,Новосибирск,12468,1016566.5,15,701,611,67771.1,19
2020-05-23,Новосибирск,17943,1457391,18,1031,918,80966.16667,21
2020-05-25,Новосибирск,15807,1326705,18,989,887,73705.83333,22
2020-04-30,Новосибирск,11976,1004511,15,644,550,66967.4,18
2020-05-10,Новосибирск,14566.5,1216557,15,792,695,81103.8,19
2020-05-08,Новосибирск,12976.5,1046848.5,15,703,609,69789.9,19
2020-05-07,Новосибирск,11719.5,965880,15,676,591,64392,19
2020-05-24,Новосибирск,17197.5,1386262.5,18,1006,904,77014.58333,21
2020-05-26,Новосибирск,14419.5,1210456.5,18,914,804,67247.58333,22
2020-06-01,Самара,7816.5,636345,15,453,370,42423,23
2020-05-31,Томск,6409.5,493893,9,345,255,54877,22
2020-05-30,Тюмень,11220,928675.5,7,532,449,132667.9286,22
2020-05-29,Самара,8350.5,651237,15,400,329,43415.8,22
2020-05-28,Тюмень,8428.5,694669.5,7,420,347,99238.5,22
2020-05-27,Кемерово,32817,3015751.5,20,2079,1893,150787.575,22
2020-05-22,Кемерово,36031.5,3091069.5,21,2046,1853,147193.7857,21
2020-05-31,Уфа,5127,468835.5,6,261,188,78139.25,22
2020-05-11,Кемерово,27187.5,2479396.5,21,1597,1457,118066.5,20
2020-05-30,Новосибирск,20688,1773154.5,18,1216,1101,98508.58333,22
2020-05-28,Новосибирск,15678,1387443,18,1020,911,77080.16667,22
2020-05-18,Кемерово,31329,2826379.5,21,1834,1660,134589.5,21
2020-05-14,Кемерово,29658,2703132,21,1706,1548,128720.5714,20
2020-05-15,Кемерово,34150.5,3038293.5,21,1926,1742,144680.6429,20
2020-06-01,Кемерово,31947,2945035.5,21,2025,1849,140239.7857,23
2020-05-31,Тюмень,10416,866023.5,7,530,447,123717.6429,22
2020-05-29,Кемерово,35431.5,3193167,20,2111,1917,159658.35,22
2020-05-27,Екатеринбург,78544.5,6701083.5,31,5330,4977,216163.9839,22
2020-05-22,Екатеринбург,97963.5,7728465,31,5965,5533,249305.3226,21
2020-06-01,Екатеринбург,77269.5,6829921.5,31,5468,5081,220320.0484,23
2020-05-31,Новосибирск,16143,1423410,18,1029,925,79078.33333,22
2020-05-11,Екатеринбург,72220.5,6398719.5,31,4826,4483,206410.3065,20
2020-05-18,Екатеринбург,78058.5,6609714,31,5165,4813,213216.5806,21
2020-05-14,Екатеринбург,70498.5,6053649,31,4695,4372,195279,20
2020-05-15,Екатеринбург,78961.5,6876454.5,31,5184,4778,221821.1129,20
2020-05-27,Тольятти,12490.5,1054798.5,10,757,660,105479.85,22
2020-05-22,Тольятти,18036,1455049.5,10,965,861,145504.95,21
2020-06-01,Тольятти,11416.5,1007742,10,719,627,100774.2,23
2020-05-11,Тольятти,9007.5,734335.5,10,494,421,73433.55,20
2020-05-29,Екатеринбург,87552,7387116,31,5751,5319,238294.0645,22
2020-05-18,Тольятти,11680.5,936427.5,10,645,565,93642.75,21
2020-05-14,Тольятти,12037.5,981564,10,627,545,98156.4,20
2020-05-15,Тольятти,14421,1150579.5,10,743,652,115057.95,20
2020-05-29,Тольятти,14823,1273464,10,873,770,127346.4,22
2020-05-27,Нижний Новгород,31257,2924133,20,2079,1856,146206.65,22
2020-05-22,Нижний Новгород,38074.5,3414180,20,2306,2054,170709,21
2020-06-01,Нижний Новгород,32170.5,3013512,20,2136,1899,150675.6,23
2020-05-11,Нижний Новгород,42397.5,3911979,19,2530,2270,205893.6316,20
2020-05-18,Нижний Новгород,28668,2588148,19,1858,1648,136218.3158,21
2020-05-14,Нижний Новгород,27411,2441520,19,1675,1475,128501.0526,20
2020-05-15,Нижний Новгород,32854.5,2949078,19,1940,1715,155214.6316,20
2020-05-29,Нижний Новгород,35346,3258054,20,2249,2000,162902.7,22
2020-05-27,Санкт-Петербург Юг,286558.5,29256993,129,17115,15962,226798.3953,22
2020-05-22,Санкт-Петербург Юг,304092,29465769,129,17088,15804,228416.814,21
2020-06-01,Санкт-Петербург Юг,272926.5,27770092.5,128,16285,15130,216953.8477,23
2020-05-11,Санкт-Петербург Юг,237099,24628233.22,129,14043,13167,190916.5366,20
2020-05-18,Санкт-Петербург Юг,273900,27535284.15,129,16110,14992,213451.8151,21
2020-05-14,Санкт-Петербург Юг,274059,28181292,129,15804,14738,218459.6279,20
2020-05-15,Санкт-Петербург Юг,318816,32354331,129,17808,16486,250808.7674,20
2020-05-27,Санкт-Петербург Север,370012.5,39034861.5,124,21384,19897,314797.2702,22
2020-05-22,Санкт-Петербург Север,393018,39498373.5,125,21427,19799,315986.988,21
2020-06-01,Санкт-Петербург Север,349699.5,37257840.18,123,20325,18935,302909.2698,23
2020-05-11,Санкт-Петербург Север,318565.5,33781581,125,18066,16883,270252.648,20
2020-05-29,Санкт-Петербург Юг,422965.5,41767140.11,129,22403,20676,323776.2799,22
2020-05-18,Санкт-Петербург Север,355081.5,36876888,125,20449,19060,295015.104,21
2020-05-14,Санкт-Петербург Север,358387.5,37963150.5,125,20247,18812,303705.204,20
2020-05-15,Санкт-Петербург Север,403261.5,42271377,125,21862,20235,338171.016,20
2020-05-27,Волгоград,69010.5,5985894,36,4951,4584,166274.8333,22
2020-05-22,Волгоград,75820.5,5943489,36,4857,4456,165096.9167,21
2020-06-01,Волгоград,64740,5800290,37,4722,4352,156764.5946,23
2020-05-11,Волгоград,59574,5178169.5,36,4150,3838,143838.0417,20
2020-05-29,Санкт-Петербург Север,524481,54172029,124,25828,23974,436871.2016,22
2020-05-18,Волгоград,70278,5798476.5,36,4885,4502,161068.7917,21
2020-05-14,Волгоград,63645,5366602.5,36,4285,3950,149072.2917,20
2020-05-15,Волгоград,75642,6293952,36,4862,4476,174832,20
2020-05-27,Казань,40420.5,3780852,21,2430,2216,180040.5714,22
2020-05-22,Казань,53838,4840833,21,2861,2612,230515.8571,21
2020-06-01,Казань,40528.5,3865251,23,2531,2296,168054.3913,23
2020-05-11,Казань,32733,3079630.5,21,1916,1733,146649.0714,20
2020-05-29,Волгоград,84433.5,7228395,37,5672,5198,195362.027,22
2020-05-18,Казань,36655.5,3360135,21,2136,1947,160006.4286,21
2020-05-14,Казань,33886.5,3166479,21,1993,1796,150784.7143,20
2020-05-15,Казань,41697,3772258.5,21,2255,2045,179631.3571,20
2020-05-29,Казань,44569.5,4108596,22,2597,2379,186754.3636,22
2020-05-27,Пермь,18069,1603084.5,17,1203,1077,94299.08824,22
2020-05-22,Пермь,21483,1774329,17,1268,1129,104372.2941,21
2020-06-01,Пермь,16687.5,1526608.5,17,1185,1042,89800.5,23
2020-05-11,Пермь,12238.5,1096002,15,812,714,73066.8,20
2020-05-18,Пермь,14290.5,1246162.5,16,925,816,77885.15625,21
2020-05-14,Пермь,14385,1223491.5,15,890,777,81566.1,20
2020-05-15,Пермь,16498.5,1370482.5,15,980,867,91365.5,20
2020-05-27,Ростов-на-Дону,13203,1211457,15,809,702,80763.8,22
2020-05-22,Ростов-на-Дону,15802.5,1411909.5,15,903,792,94127.3,21
2020-06-01,Ростов-на-Дону,16476,1565632.5,16,1019,895,97852.03125,23
2020-05-11,Ростов-на-Дону,12654,1081158,15,684,585,72077.2,20
2020-05-29,Пермь,19647,1764669,17,1296,1153,103804.0588,22
2020-05-18,Ростов-на-Дону,12450,1115146.5,15,729,636,74343.1,21
2020-05-14,Ростов-на-Дону,11161.5,963502.5,15,638,548,64233.5,20
2020-05-15,Ростов-на-Дону,12229.5,1122730.5,15,688,598,74848.7,20
2020-05-27,Краснодар,28050,2458555.5,20,1873,1715,122927.775,22
2020-05-22,Краснодар,30781.5,2540715,19,1859,1697,133721.8421,21
2020-06-01,Краснодар,27960,2538967.5,21,1879,1720,120903.2143,23
2020-05-11,Краснодар,23629.5,2164365,19,1527,1389,113913.9474,20
2020-05-29,Ростов-на-Дону,17052,1549020,16,981,859,96813.75,22
2020-05-18,Краснодар,27181.5,2324490,19,1741,1597,122341.5789,21
2020-05-14,Краснодар,25656,2225341.5,19,1635,1487,117123.2368,20
2020-05-15,Краснодар,29283,2477487,19,1780,1615,130394.0526,20
2020-05-29,Краснодар,32782.5,2854741.5,20,2064,1896,142737.075,22
2020-05-27,Москва Запад,215592,22342300.5,59,13942,12986,378683.0593,22
2020-05-22,Москва Запад,228334.5,22380772.5,60,14050,13027,373012.875,21
2020-06-01,Москва Запад,188776.5,19465372.5,59,12299,11448,329921.5678,23
2020-05-11,Москва Запад,175293,17919144,60,11100,10407,298652.4,20
2020-05-18,Москва Запад,201999,20422435.5,60,12460,11665,340373.925,21
2020-05-14,Москва Запад,197946,19942435.5,60,11935,11178,332373.925,20
2020-05-15,Москва Запад,230896.5,23085222,60,13544,12643,384753.7,20
2020-05-27,Москва Восток,203532,20953324.5,54,13091,12216,388024.5278,22
2020-05-22,Москва Восток,214428,20812585.5,54,13014,12095,385418.25,21
2020-06-01,Москва Восток,183228,18914194.5,54,11864,11071,350262.8611,23
2020-05-11,Москва Восток,166948.5,16971231,54,10570,9926,314282.0556,20
2020-05-29,Москва Запад,232102.5,23120443.5,59,14507,13386,391871.9237,22
2020-05-18,Москва Восток,196560,19855122,54,12012,11308,367687.4444,21
2020-05-14,Москва Восток,186496.5,18640998,54,11194,10554,345203.6667,20
2020-05-15,Москва Восток,219772.5,21895294.5,54,12791,11950,405468.4167,20
2020-05-29,Москва Восток,226476,22416151.5,54,14031,12943,415113.9167,22
2020-05-27,Тюмень,8362.5,687684,7,409,329,98240.57143,22
2020-05-22,Новосибирск,17008.5,1398771,18,985,861,77709.5,21
2020-06-01,Томск,5166,389013,9,294,224,43223.66667,23
2020-05-11,Новосибирск,10941,880356,15,654,564,58690.4,20
2020-05-18,Новосибирск,14497.5,1230711,16,864,765,76919.4375,21
2020-05-14,Новосибирск,13810.5,1131676.5,16,834,735,70729.78125,20
2020-05-15,Новосибирск,13752,1091040,16,817,718,68190,20
2020-05-27,Новосибирск,15276,1350199.5,18,962,859,75011.08333,22
2020-06-01,Уфа,4408.5,410892,6,237,175,68482,23
2020-05-29,Тюмень,9927,850840.5,7,491,411,121548.6429,22
2020-06-01,Тюмень,9474,802447.5,7,500,418,114635.3571,23
2020-05-29,Новосибирск,16878,1438255.5,18,1014,893,79903.08333,22
2020-06-01,Новосибирск,14238,1293219,18,923,824,71845.5,23